<?xml version="1.0" encoding="UTF-8"?>
<project-private xmlns="http://www.netbeans.org/ns/project-private/1">
    <editor-bookmarks xmlns="http://www.netbeans.org/ns/editor-bookmarks/2" lastBookmarkId="0"/>
    <open-files xmlns="http://www.netbeans.org/ns/projectui-open-files/2">
        <group>
            <file>file:/C:/Users/Administrator/Documents/NetBeansProjects/htttns/src/java/model/Nhanvien.java</file>
            <file>file:/C:/Users/Administrator/Documents/NetBeansProjects/htttns/src/java/model/Congty.java</file>
            <file>file:/C:/Users/Administrator/Documents/NetBeansProjects/htttns/src/java/model/Phieuluong.java</file>
            <file>file:/C:/Users/Administrator/Documents/NetBeansProjects/htttns/src/java/model/Canhanvien.java</file>
            <file>file:/C:/Users/Administrator/Documents/NetBeansProjects/htttns/src/java/model/Hopdong.java</file>
            <file>file:/C:/Users/Administrator/Documents/NetBeansProjects/htttns/src/java/model/CotKPI.java</file>
            <file>file:/C:/Users/Administrator/Documents/NetBeansProjects/htttns/src/java/model/Nghiphep.java</file>
            <file>file:/C:/Users/Administrator/Documents/NetBeansProjects/htttns/src/java/model/Chucvu.java</file>
            <file>file:/C:/Users/Administrator/Documents/NetBeansProjects/htttns/src/java/dao/DAO.java</file>
            <file>file:/C:/Users/Administrator/Documents/NetBeansProjects/htttns/src/java/model/KPI.java</file>
            <file>file:/C:/Users/Administrator/Documents/NetBeansProjects/htttns/src/java/model/Chinhanh.java</file>
            <file>file:/C:/Users/Administrator/Documents/NetBeansProjects/htttns/src/java/model/Tuyendung.java</file>
            <file>file:/C:/Users/Administrator/Documents/NetBeansProjects/htttns/src/java/model/Ca.java</file>
            <file>file:/C:/Users/Administrator/Documents/NetBeansProjects/htttns/src/java/model/DiemKPI.java</file>
            <file>file:/C:/Users/Administrator/Documents/NetBeansProjects/htttns/src/java/model/BangKPI.java</file>
            <file>file:/C:/Users/Administrator/Documents/NetBeansProjects/htttns/src/java/model/Bacluong.java</file>
            <file>file:/C:/Users/Administrator/Documents/NetBeansProjects/htttns/src/java/dao/NhanvienDAO.java</file>
            <file>file:/C:/Users/Administrator/Documents/NetBeansProjects/htttns/src/java/model/Ungvien.java</file>
            <file>file:/C:/Users/Administrator/Documents/NetBeansProjects/htttns/src/java/model/Bangluong.java</file>
            <file>file:/C:/Users/Administrator/Documents/NetBeansProjects/htttns/src/java/model/DanhgiaKPI.java</file>
            <file>file:/C:/Users/Administrator/Documents/NetBeansProjects/htttns/src/java/model/Phongban.java</file>
        </group>
    </open-files>
</project-private>
